{
    "movies": [
      { "id": 1, "title": "Inception", "genre": "Action", "rating": 8.8 },
      { "id": 2, "title": "Toy Story", "genre": "Comedy", "rating": 8.3 },
      { "id": 3, "title": "The Godfather", "genre": "Drama", "rating": 9.2 },
      { "id": 4, "title": "The Dark Knight", "genre": "Action", "rating": 9.0 },
      { "id": 5, "title": "Pulp Fiction", "genre": "Crime", "rating": 8.9 },
      { "id": 6, "title": "Forrest Gump", "genre": "Drama", "rating": 8.8 },
      {
        "id": 7,
        "title": "The Shawshank Redemption",
        "genre": "Drama",
        "rating": 9.3
      },
      { "id": 8, "title": "The Matrix", "genre": "Sci-Fi", "rating": 8.7 },
      { "id": 9, "title": "Fight Club", "genre": "Drama", "rating": 8.8 },
      { "id": 10, "title": "Interstellar", "genre": "Sci-Fi", "rating": 8.6 },
      {
        "id": 11,
        "title": "The Lord of the Rings: The Return of the King",
        "genre": "Fantasy",
        "rating": 9.0
      },
      {
        "id": 12,
        "title": "The Social Network",
        "genre": "Drama",
        "rating": 7.7
      },
      {
        "id": 13,
        "title": "The Silence of the Lambs",
        "genre": "Thriller",
        "rating": 8.6
      },
      { "id": 14, "title": "Gladiator", "genre": "Action", "rating": 8.5 },
      { "id": 15, "title": "Jurassic Park", "genre": "Adventure", "rating": 8.1 },
      { "id": 16, "title": "Titanic", "genre": "Romance", "rating": 7.8 },
      { "id": 17, "title": "The Avengers", "genre": "Action", "rating": 8.0 },
      { "id": 18, "title": "Frozen", "genre": "Animation", "rating": 7.4 },
      { "id": 19, "title": "Despicable Me", "genre": "Animation", "rating": 7.6 },
      { "id": 20, "title": "Inside Out", "genre": "Animation", "rating": 8.1 },
      { "id": 21, "title": "The Lion King", "genre": "Animation", "rating": 8.5 },
      { "id": 22, "title": "The Departed", "genre": "Crime", "rating": 8.5 },
      { "id": 23, "title": "Se7en", "genre": "Thriller", "rating": 8.6 },
      { "id": 24, "title": "The Prestige", "genre": "Drama", "rating": 8.5 },
      { "id": 25, "title": "Shutter Island", "genre": "Thriller", "rating": 8.2 }
    ]
  }
  